{"cameraMode":{"drawMode":0,"name":"Shaded","section":"Shading Mode"},"sceneLighting":true,"audioPlay":false,"sceneViewState":{"m_AlwaysRefresh":false,"showFog":true,"showSkybox":true,"showFlares":true,"showImageEffects":true,"showParticleSystems":true,"showVisualEffectGraphs":true,"m_FxEnabled":true},"in2DMode":false,"pivot":{"x":7.272753715515137,"y":7.688814163208008,"z":17.37213706970215},"rotation":{"x":0.36646005511283877,"y":-0.026917951181530954,"z":0.010655208490788937,"w":0.930154025554657},"size":2.834232807159424,"orthographic":false}